name,producer,href,description
Arabella,1,https://www.simonlevelt.nl/arabella,"Een volle, ronde medium roast van 100% arabica koffie."
Kopi Ketiara,1,https://www.simonlevelt.nl/kopi-ketiara,"De Kopi Ketiara is rijk aan de kenmerkende kruidigheid van koffie uit Indonesië en heeft een fantastisch mooie, volle body en een lange nasmaak."
Red Honey,1,https://www.simonlevelt.nl/red-honey,Een zoete koffie met frisse tonen en een zacht bittere nasmaak van donkere chocolade.
Gayo Blue Mountain,1,https://www.simonlevelt.nl/gayo-blue-mountain,Écht nagenieten van een lekker diner doe je natuurlijk met een kop goede koffie. De Gayo Blue Mountain is vol en rijk en is een goede keuze voor een after-dinner koffie.
Van Het Huis Medium,1,https://www.simonlevelt.nl/van-het-huis-medium,"Melange van arabica koffie uit Centraal en Zuid Amerika, aangevuld met Afrikaanse robusta"
Guji Highlands,1,https://www.simonlevelt.nl/guji-highlands,"Zachte, fruitige, iets zoete en zeer aromatische koffie uit de Guji regio."
Rio Coco,1,https://www.simonlevelt.nl/rio-coco,"De Rio Coco is een zachte, ronde en zoete koffie met een medium body. De koffie heeft heerlijke hints van chocolade, zoethout en braam en is een echt genot om te drinken."
Mochós Mocabe,1,https://www.simonlevelt.nl/mochos-mocabe,"Heerlijke zoete koffie met een hint van pure chocolade. De koffie heeft een volle body, is dik en rijk en heeft smaaktonen van karamel, gebrande suiker en hazelnoot."
Van het Huis Blond,1,https://www.simonlevelt.nl/van-het-huis-blond,Krachtige melange naar traditioneel familierecept. Een volle koffie die zacht van smaak en licht aromatisch is.
Mamahuaca Golden Honey,1,https://www.simonlevelt.nl/mamahuaca-golden-honey,"Koffie met karakter! Ontdek de zachtzoete smaak van melkchocolade, het sappige van citrus en het zoete van blauwe bes."
Shakisso Natural,1,https://www.simonlevelt.nl/shakisso-natural,"Sublieme koffie uit de Guji regio. Vol, rond, zoet en met de kenmerkende karakteristiek van ongewassen koffie."
Indonesian Jasper Capsules,1,https://www.simonlevelt.nl/indonesian-jasper-capsules,Een krachtige koffie met een prachtige nasmaak. Proef het echte Indonesië; de typische lauriertonen en het zoete van amandel. Bevat 10 Nespresso compatible koffiecups.
Yellow Bourbon,1,https://www.simonlevelt.nl/yellow-bourbon,"Proef en ontdek deze toegankelijke Braziliaanse koffie en ontdek de lichte tonen van cacao, hazelnoot en walnoot. Met een hintje tabak in de nasmaak."
Estrella cafeïnevrij,1,https://www.simonlevelt.nl/estrella-cafeinevrij,"Gedecafeïneerd op natuurlijke wijze, waarna de aromatische en krachtige smaak goed behouden blijft."
Pietro,1,https://www.simonlevelt.nl/pietro,Een Italiaanse espresso met een krachtig karakter en een aromatische afdronk.
Barista,1,https://www.simonlevelt.nl/barista,"Een volle, krachtige espresso met een rijk aroma."
Corazón®,1,https://www.simonlevelt.nl/corazon,"Volle, zware en aromatische koffie melange. Ideaal als espresso. Ook lekker als slow coffee, in de filter of cafetière."
Weet je het nog even niet? Doe de koffie keuzehulp,1,https://www.simonlevelt.nl/keuzehulp-koffie,
Van Het Huis Dark,1,https://www.simonlevelt.nl/van-het-huis-dark,"Een donker geroosterde, pittige en krachtige espresso."
Vito,1,https://www.simonlevelt.nl/vito,"Geurig en aromatisch, met een fris en zacht karakter. Dit maakt Vito een heerlijke koffie om op elk moment van de dag van te genieten."
Beneficio,1,https://www.simonlevelt.nl/beneficio,Deze melange is samengesteld uit verschillende geurige koffiesoorten. Ideaal als milde espresso.
Proefpakket Blends,1,https://www.simonlevelt.nl/proefpakket-blends,Maak op een leuke en lekkere manier kennis met onze koffies met het Proefpakket Blends. Deze koffieblends zijn een combinatie van verschillende koffiesoorten en laten de beste eigenschappen van deze soorten naar voren komen. Dit zorgt voor een lekkere koffie om keer op keer weer van te genieten.
Peruvian Opal Capsules,1,https://www.simonlevelt.nl/peruvian-opal-capsules,"Een zoete koffie met een medium body. Proef gebrande noten, een hint van toast en een vleugje cacao. Bevat 10 Nespresso compatible koffiecups."
Ugandan Amber Capsules,1,https://www.simonlevelt.nl/ugandan-amber-capsules,Proef de rinse smaak van appelstroop met een vleugje romigheid in deze zachte koffie. Bevat 10 Nespresso compatible koffiecups.
Colombian Emerald Capsules,1,https://www.simonlevelt.nl/colombian-emerald-capsules,"Een krachtige koffie met een mooi balans in de smaken. Proef tonen van gedroogde pruimen, rozijnen, bittere chocolade maar ook wat laurier. Bevat 10 Nespresso compatible koffiecups."
Finca el Flamingo,1,https://www.simonlevelt.nl/finca-el-flamingo,"Perfecte balans in je koffiekop. Heerlijk genieten van een aangenaam milde, maar ook aromatische koffie met tonen van chocolade, drop en amandel."
Allegro cafeïnevrij,1,https://www.simonlevelt.nl/allegro-cafeinevrij,"Een aromatische medium roast cafeïnevrije koffie. Perfect als snelfilterkoffie, maar ook lekker als espresso."
Corleone,1,https://www.simonlevelt.nl/corleone,"Een pure, krachtige espresso. Donker geroosterd en misdadig lekker."
La Victoria Huila Colombia Medium,1,https://www.simonlevelt.nl/la-victoria-huila-colombia-medium,Zoete en aromatische koffie met een milde body.
Mocha Limu ongeroosterd,1,https://www.simonlevelt.nl/mocha-limu-ongeroosterd,"Dit zijn ongeroosterde koffiebonen. Na het roosteren zet je een volle, ronde koffie met een frisse en geurige smaak."
Senza cafeïnevrij Premium Organic Coffee -...,1,https://www.simonlevelt.nl/senza-cafeinevrij-premium-organic-coffee-snelfiltermaling-250g,Full & FragrantGeurige cafeïnevrije koffiemelange met een volle smaak.
Oploskoffie Premium Organic Coffee - 100g,1,https://www.simonlevelt.nl/oploskoffie-premium-organic-coffee-100g,Een heerlijke melange van 100% Arabica koffiebonen met een natuurlijk zachte smaak en een rijk aroma.
Dolce Premium Organic Coffee - snelfiltermaling...,1,https://www.simonlevelt.nl/dolce-premium-organic-coffee-snelfiltermaling-250g,Aromatische koffie met een volle body. Met Max Havelaar keurmerk voor eerlijke handel.
Forte Premium Organic Coffee - snelfiltermaling...,1,https://www.simonlevelt.nl/forte-premium-organic-coffee-snelfiltermaling-500g,Strong & BalancedEen pittige koffie met een volle smaak!
Peru Premium Organic Coffee - Snelfiltermaling...,1,https://www.simonlevelt.nl/peru-premium-organic-coffee-snelfiltermaling-250g,Fresh & Soft. Een Frisse koffie met een zachte en ronde afdronk.
Weet je het nog even niet? Doe de koffie keuzehulp,1,https://www.simonlevelt.nl/keuzehulp-koffie,
Forte Premium Organic Coffee - 36 Koffiepads,1,https://www.simonlevelt.nl/forte-premium-organic-coffee-36-koffiepads,Een pittige koffie met een volle smaak.
Forte Premium Organic Coffee - snelfiltermaling...,1,https://www.simonlevelt.nl/forte-premium-organic-coffee-snelfiltermaling-250g,Strong & Balanced Een pittige koffie met een volle smaak.
Ethiopië Premium Organic Coffee -...,1,https://www.simonlevelt.nl/ethiopie-premium-organic-coffee-snelfiltermaling-250g,Warme chocoladetonen worden in deze geurige Arabicakoffie gecombineerd met fris rood fruit en een vleugje kaneel.
Extra Dark Roast Premium Organic Coffee - 500g,1,https://www.simonlevelt.nl/extra-dark-roast-premium-organic-coffee-500g,"Bold & StrongStoere, stevige koffie met veel kracht."
Cafeïnevrije oploskoffie Premium Organic Coffee...,1,https://www.simonlevelt.nl/cafeinevrije-oploskoffie-premium-organic-coffee-100g,Zachte milde aromatische cafeïnevrije koffie met een volle zoete body. Heerlijke koffie in een handomdraai!
Dark Roast Premium Organic Coffee - 500g,1,https://www.simonlevelt.nl/dark-roast-premium-organic-coffee-500g,Intense koffie met een heerlijk lange nasmaak.
Medium Roast Premium Organic Coffee - 500g,1,https://www.simonlevelt.nl/medium-roast-premium-organic-coffee-500g,Mild & Balanced. Een Aromatische koffie voor elk moment van de dag.
Yellow Bourbon ongeroosterd,1,https://www.simonlevelt.nl/yellow-bourbon-ongeroosterd,De Yellow Bourbon heeft een perfecte balans tussen een zoete body en rins. LET OP: de koffie is niet geroosterd.
Premium Organic Dolce snf 6 zakjes,1,https://www.simonlevelt.nl/premium-organic-dolce-snf-6-zakjes,Aromatische koffie met een volle body. Met Max Havelaar keurmerk voor eerlijke handel.
Premium Organic Forte snf 6 zakjes,1,https://www.simonlevelt.nl/premium-organic-forte-snf-6-zakjes,Strong & balanced. Een pittige koffie met een volle smaak.
Premium Organic Etiopia snf 6 zakjes,1,https://www.simonlevelt.nl/premium-organic-etiopia-snf-6-zakjes,Warme chocoladetonen worden in deze geurige Arabicakoffie gecombineerd met fris rood fruit en een vleugje kaneel.
Premium Organic Dark Roast 500g 6 zakjes,1,https://www.simonlevelt.nl/premium-organic-dark-roast-500g-6-zakjes,Intense & bittersweet. Een intense koffie met een heerlijk lange nasmaak.
Premium Organic Extra Dark Roast 500g 6 zakjes,1,https://www.simonlevelt.nl/premium-organic-extra-dark-roast-500g-6-zakjes,"Bold & strong. Een stoere, stevige koffie met veel kracht."
Premium Organic Peru snf 6 zakjes,1,https://www.simonlevelt.nl/premium-organic-peru-snf-6-zakjes,Fresh & soft. Een frisse koffie met een zachte en ronde afdronk.
Premium Organic Medium Roast 500g 6 zakjes,1,https://www.simonlevelt.nl/premium-organic-medium-roast-500g-6-zakjes,Mild & balanced. Een aromatische koffie voor elk moment van de dag!
Premium Organic Senza snf 6 zakjes,1,https://www.simonlevelt.nl/premium-organic-senza-snf-6-zakjes,Full & fragrant. Een geurige cafeïnevrije koffiemelange met een volle smaak.
Premium Organic Forte 500g 6 zakjes,1,https://www.simonlevelt.nl/premium-organic-forte-500g-6-zakjes,Strong & balanced. Een pittige koffie met een volle smaak.
Weet je het nog even niet? Doe de koffie keuzehulp,1,https://www.simonlevelt.nl/keuzehulp-koffie,
Café Capucas,1,https://www.simonlevelt.nl/cafe-capucas,"Café Capucas is een aromatische, ronde koffie met een medium body en een prachtige balans."
Colombian Emerald Capsules 9-pack,1,https://www.simonlevelt.nl/colombian-emerald-capsules-9-pack,"Een krachtige koffie met een mooi balans in de smaken. Proef tonen van gedroogde pruimen, rozijnen en bittere chocolade, maar ook wat laurier. Bevat 9 verpakkingen met elk 10 Nespresso compatible koffiecups."
Peruvian Opal Capsules 9-pack,1,https://www.simonlevelt.nl/peruvian-opal-capsules-9-pack,"Een zoete koffie met een medium body. Proef gebrande noten, een hint van toast en een vleugje cacao. Bevat 9 verpakkingen met 10 Nespresso compatible koffiecups."
Indonesian Jasper Capsules 9-pack,1,https://www.simonlevelt.nl/indonesian-jasper-capsules-9-pack,Een krachtige koffie met een prachtige nasmaak. Proef het echte Indonesië; de typische lauriertonen en het zoete van amandel. Bevat 9 verpakkingen met elk 10 Nespresso compatible koffiecups.
Ugandan Amber Capsules 9-pack,1,https://www.simonlevelt.nl/ugandan-amber-capsules-9-pack,Proef de rinse smaak van appelstroop met een vleugje romigheid in deze zachte koffie. Bevat 9 verpakkingen met elk 10 Nespresso compatible koffiecups.
Weet je het nog even niet? Doe de koffie keuzehulp,1,https://www.simonlevelt.nl/keuzehulp-koffie,
Heerlijke Herfst,1,https://www.simonlevelt.nl/heerlijke-herfst,Geniet van al het moois dat de herfst te bieden heeft met Heerlijke Herfst thee. Deze najaarsmelange op basis van zwarte thee met de smaak van sinaasappel en kaneel geeft je een warm herfstgevoel.
Yogi Classic,1,https://www.simonlevelt.nl/yogi-classic,"Een pittige kruidenthee met kaneel, gember en kardemom, aangevuld met kruidnagel en zwarte peper. Deze thee is heerlijk als onderdeel van een verwarmende chai in Indiase stijl!"
Pumpkin Spice,1,https://www.simonlevelt.nl/pumpkin-spice,"Zoetkruidige fruitmelange met appel, pompoen en kaneel, verrijkt met de smaak van vanille en sinaasappel."
Ginger Spice & Peach,1,https://www.simonlevelt.nl/ginger-spice-peach,"Gemberthee met specerijen en fruit, verrijkt met de smaak van perzik. Kruidig, zwoel en iets pittig."
Fruit & Cinnamon,1,https://www.simonlevelt.nl/fruit-cinnamon,Verwarmende fruitmelange met een prachtige dieprode kleur met friszoete en kruidige tonen.
Rooibos Ginger & Orange,1,https://www.simonlevelt.nl/rooibos-ginger-orange,Intense smaakcombinatie van rooibos met spicy gember en friszoete sinaasappelschil.
Apple & Citrus,1,https://www.simonlevelt.nl/apple-citrus,"Milde en friszoete melange van fruit en kruiden. Ontdek appelstukjes en citrus, gecombineerd met lemongrass, sinaasappelmunt en verveine."
Peach & Mandarin,1,https://www.simonlevelt.nl/peach-mandarin,Milde groene thee melange met de volzoete smaak van perzik en de frisfruitige smaak van mandarijntjes.
Darjeeling Royal First Flush,1,https://www.simonlevelt.nl/darjeeling-royal-first-flush,"De allereerste lentepluk van 2023 uit Darjeeling, India. Zeer aromatisch, zacht, lichtzoet en bloemig met een mild bittere nasmaak."
Mango & Lime,1,https://www.simonlevelt.nl/mango-lime,"Mango & Lime is een heerlijke thee die alles in zich heeft: frisheid, zoetheid, vol en rond, fruitig, rijk en een thee die zeker niet snel verveelt."
Blueberry & Mint,1,https://www.simonlevelt.nl/blueberry-mint,"Overheerlijke fruitmelange met fruitige, zoete én frisse smaken."
Sweet Spice & Orange,1,https://www.simonlevelt.nl/sweet-spice-orange,Een heerlijke combinatie van kruid en fruit!
Rooibos Summer Fruit,1,https://www.simonlevelt.nl/rooibos-summer-fruit,Rooibos met mangostukjes en verrijkt met de smaak van friszoete perzik en sappige sinaasappels.
Citrus & Green Tea,1,https://www.simonlevelt.nl/citrus-green-tea,"Chinese groene thee met sinaasappel, goudsbloem en de smaak van friszoete mandarijn."
Jasmine Finest,1,https://www.simonlevelt.nl/jasmine-finest,Deze groene thee is op Jasmijnbloesem gelegd en neemt zo de heerlijke geur op.
Gabalong Sencha,1,https://www.simonlevelt.nl/gabalong-sencha,"Zachtzoete en volromige Sencha van in de zomer geplukt theeblad. Een ""super-groene thee” met extra “Gaba”."
King of Jasmine,1,https://www.simonlevelt.nl/king-of-jasmine,Prachtig uitziend theeblad met zilveren tips. Intens bloemige Jasmijnthee met een exclusief en verfijnd aroma
Weet je het nog even niet? Doe de thee keuzehulp,1,https://www.simonlevelt.nl/keuzehulp-thee,
Jasmine Chung Hao,1,https://www.simonlevelt.nl/jasmine-chung-hao,"Kwalitatief hoogwaardige groene thee, gedroogd op een bed met verse jasmijnbloesem. Door de grote hoeveelheid bloesem heeft de thee een intense bloemige beleving van jasmijn in geur en aroma."
Jasmine Spring,1,https://www.simonlevelt.nl/jasmine-spring,"Heerlijk geurige en bloemige thee op basis van een lentepluk darjeeling thee, gecombineerd met groene jasmijnthee."
Lady Earl Grey,1,https://www.simonlevelt.nl/lady-earl-grey,"Zachte, bloemige thee met de smaak van bergamot én oranjebloesem. Rijk versierd met rozenblad en korenbloem."
Sencha Silver Flower,1,https://www.simonlevelt.nl/sencha-silver-flower,Zachte groene Sencha thee met rozenblaadjes.
Vlierbloesem & Citroen,1,https://www.simonlevelt.nl/vlierbloesem-citroen,"Fantastische, Chinese groene thee rijk versierd met bloemblaadjes en fruit. Een lust voor het oog en intens van smaak."
Verveine Thee,1,https://www.simonlevelt.nl/verveine-thee,"Frisse thee met een zachte, citroenachtige smaak. Verveine thee is een populaire drank in Frankrijk. Haal het Franse gevoel in huis."
Dragonwell Xi Hu Long Jing,1,https://www.simonlevelt.nl/dragonwell-xi-hu-long-jing,"Een echte 'Queen of Green Tea' met hints van gras, alfalfa en lichtgeroosterde hazelnoten."
Indian Chai,1,https://www.simonlevelt.nl/indian-chai,"Een kruidige Chai is op gure dagen een echte warme opkikker, maar biedt ook verkoeling bij gekruid Indiaas eten."
Gunpowder thee,1,https://www.simonlevelt.nl/gunpowder-thee,Gunpowder thee is een klassieker uit China. De balletjes van opgerolde bladeren geven een volle en kruidige groene thee.
King of Ti Kuan Yin,1,https://www.simonlevelt.nl/king-of-ti-kuan-yin,"Lichtzoetig en vol van smaak. Een licht geoxideerde Oolong met compleet, zeer strak opgerold blad."
Assam Melange,1,https://www.simonlevelt.nl/assam-melange,"Melange van krachtige Assam. Stevig en droog. Volle en moutige smaak, die per seizoen weer anders is."
Lumbini Valley OP,1,https://www.simonlevelt.nl/lumbini-valley-op,"Milde, toegankelijke Ceylon thee met een mooi groot blad. Ontdek een hint van krenten en rozenbottel."
Lumbini Pure Black BOP,1,https://www.simonlevelt.nl/lumbini-pure-black-bop,"Krachtige Ceylon thee met een medium body. Soepele thee, makkelijk drinkbaar met aangename bitters."
Genmaicha bio,1,https://www.simonlevelt.nl/genmaicha-bio,Groene thee met gepofte rijst.
Bukit Sari Highland Green,1,https://www.simonlevelt.nl/bukit-sari-highland-green,"Een prachtig uitziende, grootbladige groene thee uit de hooglanden van Indonesië. Het blad is heel mooi sierlijk en smaakt frisgroen, mild en iets bloemig."
Strawberry & Mint,1,https://www.simonlevelt.nl/strawberry-mint,Zachte witte thee met de volle en zoete smaak van aardbei en een vleugje frisse munt.
Earl Grey - 10 sachets,1,https://www.simonlevelt.nl/earl-grey-10-sachets,Zwarte thee uit Zuid-India verrijkt met de smaak van bergamot. Bergamot is een kleine peervormige citrusvrucht die de thee zijn karakteristieke friszoete smaak geeft.
Weet je het nog even niet? Doe de thee keuzehulp,1,https://www.simonlevelt.nl/keuzehulp-thee,
Jasmine Green - 10 sachets,1,https://www.simonlevelt.nl/jasmine-green-10-sachets,Verfijnde groene thee uit China die gedroogd is op een bloembed van verse jasmijnbloesem. Het resultaat is een intens bloemige en zeer aromatische kop thee.
Pure Black - 10 sachets,1,https://www.simonlevelt.nl/pure-black-10-sachets,"Pure zwarte thee uit Ceylon, Sri Lanka. De thee is vol en krachtig en heeft een frisse, lichtzoete smaak. Een klassieke thee voor elk moment van de dag."
Indian Chai - 10 sachets,1,https://www.simonlevelt.nl/indian-chai-10-sachets,"Krachtige zwarte thee uit India in combinatie met Chai. Chai is een rijke kruidenmelange van onder andere kaneel, gember en kruidnagel. Een volle, intense en verwarmende thee."
Lemon Green - 10 sachets,1,https://www.simonlevelt.nl/lemon-green-10-sachets,"Groene thee uit het zuiden van India verrijkt met de smaak van citroen. Opwekkende, zachte thee met licht grassige ondertonen."
Rooibos Orange - 10 sachets,1,https://www.simonlevelt.nl/rooibos-orange-10-sachets,"Zuid-Afrikaanse rooibos verrijkt met de smaak van sappige sinaasappels. De thee is fris, zoet, lichtkruidig én theïnevrij. Een mooie combinatie tussen fris en zachtzoet."
Bukit Sari Premium FOP,1,https://www.simonlevelt.nl/bukit-sari-premium-fop,"Laat de boel even voor wat het is en proef deze zwarte thee met aandacht. Hij is mild, vol en lichtzoet. Laat je hem wat langer trekken, dan ontdek je de smaak van honing en rozijnen."
Lime & Mint Green,1,https://www.simonlevelt.nl/lime-mint-green,"Proef de verfrissende en tintelende smaak van deze groene thee. Verrijkt met stukjes van sappige limoen, citroenschil en een dosis munt voor extra verfrissing."
Honeybush Fruity Mango,1,https://www.simonlevelt.nl/honeybush-fruity-mango,Honeybush verrijkt met mango en de friszoete smaak van mandarijn.
Earl Grey Darjeeling,1,https://www.simonlevelt.nl/earl-grey-darjeeling,Zomerpluk uit Darjeeling met natuurlijk aroma. Fris en extra geurig.
Assam Gold 2nd flush,1,https://www.simonlevelt.nl/assam-gold-2nd-flush,"Stoere en stevige zwarte thee uit de provincie Assam, India."
Finest Oolong,1,https://www.simonlevelt.nl/finest-oolong,Deze kort geoxideerde oolong thee is fluweelzacht en vol van smaak. Het typisch notige karakter komt goed naar voren.
Pai Mu Tan,1,https://www.simonlevelt.nl/pai-mu-tan,"Witte thee van jong, groot blad met veel tip. Het grote blad geeft een iets zoet aftreksel met goudgele kleur."
Brandnetel Citroengras,1,https://www.simonlevelt.nl/brandnetel-citroengras,"Prikkel je zintuigen met deze melange van brandnetel, citroengras en lemon myrtle."
Earl Grey Ylang ylang,1,https://www.simonlevelt.nl/earl-grey-ylang-ylang,"Een unieke theespecialiteit met een harmonieus en intens smaakprofiel. Het zoete, natuurlijke Ylang Ylang aroma combineert bijzonder goed met de frisheid van bergamotolie. Echt een thee om even heerlijk mee te ontspannen!"
Lime & Apple,1,https://www.simonlevelt.nl/lime-apple,"Delicate, grootbladige, Chinese witte thee met frisse limoen en zoete appel."
Nilgiri Groen,1,https://www.simonlevelt.nl/nilgiri-groen,Een topklasse groene thee. De thee heeft de typische geur van groene thee en de smaak is mild en zacht bitter.
Zoete Vijg & Fruit,1,https://www.simonlevelt.nl/zoete-vijg-fruit,"Uitbundige fruitmelange met heerlijk zoete vijgen, pompoenpitten en stukjes wortel."
Weet je het nog even niet? Doe de thee keuzehulp,1,https://www.simonlevelt.nl/keuzehulp-thee,
Ambootia Groen,1,https://www.simonlevelt.nl/ambootia-groen,"Aangename, kruidige thee met veel geur en een bloemige afdronk."
Earl Grey Superieur,1,https://www.simonlevelt.nl/earl-grey-superieur,Theemelange uit China en Ceylon met veel tip en bergamotaroma.
Russische Earl Grey,1,https://www.simonlevelt.nl/russische-earl-grey,Een sterke rookthee met een mooie balans tussen een kruidige smaak en frisse citrus.
Rooibos Spicy Chai,1,https://www.simonlevelt.nl/rooibos-spicy-chai,"Indiase chai, maar dan op basis van Zuid-Afrikaanse Rooibos. Laat je verwarmen door Indiase kruiden als gember, kaneel en kardamom, aangevuld met citroengras en rozenbottel!"
Lemon Ginger,1,https://www.simonlevelt.nl/lemon-ginger,Een tintelfrisse kruidenthee in de verrassende smaakcombinatie citroen en gember. Ideaal als snelle dorstlesser.
Irish Breakfast,1,https://www.simonlevelt.nl/irish-breakfast,"Pittige en zeer krachtige, donkere ontbijtthee. Lekker met melk. Een echte opkikker voor de ochtend."
Rooibos,1,https://www.simonlevelt.nl/rooibos,Milde en makkelijke Zuid-Afrikaanse volksdrank.
Ceylon Superieur,1,https://www.simonlevelt.nl/ceylon-superieur,Een krachtige 'highgrown' melange uit de hooggelegen theedistricten.
Earl Green,1,https://www.simonlevelt.nl/earl-green,"Een variant op de klassieke Earl Grey met een frisse, zacht-bittere smaak. Je proeft een natuurlijk aroma in deze groene thee."
Yen Bai Groen,1,https://www.simonlevelt.nl/yen-bai-groen,Aromatische grootbladige groene thee uit Vietnam.
London Earl Grey,1,https://www.simonlevelt.nl/london-earl-grey,"Krachtige, stoere Earl Grey thee met mooi tippy Yunnan blad en een friszoete bergamotsmaak."
Earl Grey,1,https://www.simonlevelt.nl/earl-grey,Een zachte en fruitige melange van theesoorten uit Zuid-India.
Lemon Ginger Green,1,https://www.simonlevelt.nl/lemon-ginger-green,Een smaakvolle zacht bittere groene thee met prikkelende gember en verfrissende citroen en sinaasappel. Echt een verrassende smaakcompositie.
Orange Pekoe Theïne-arm,1,https://www.simonlevelt.nl/orange-pekoe-theine-arm,Milde thee met een zacht zoete smaak. Voor het decafeïneren van thee gebruiken we de CO2-methode.
Earl Grey Theïne-arm,1,https://www.simonlevelt.nl/earl-grey-theine-arm,Theïne-arme thee met een zachte Earl Grey smaak. Voor het decafeïneren van thee gebruiken we de CO2-methode.
Indian Chai Green,1,https://www.simonlevelt.nl/indian-chai-green,Specerijen als kaneel en kardemom op basis van een zachte groene thee. Heerlijk verwarmend.
Yunnan Flowery Orange Pekoe,1,https://www.simonlevelt.nl/yunnan-flowery-orange-pekoe,Deze beroemde thee is mild en bloemig. De smaak wordt niet gauw bitter.
Weet je het nog even niet? Doe de thee keuzehulp,1,https://www.simonlevelt.nl/keuzehulp-thee,
Lemongrass Green,1,https://www.simonlevelt.nl/lemongrass-green,Verfrissende groene thee met citroengras en citroen-limoen smaak.
Ambootia Zomerpluk,1,https://www.simonlevelt.nl/ambootia-zomerpluk,Deze Darjeeling thee is fris opwekkend en trekt iets in de mond. De smaak van de zomerpluk is krachtig en vol.
Golden Lapsang Souchong,1,https://www.simonlevelt.nl/golden-lapsang-souchong,"Krachtige rookthee uit China met mooi, groot blad."
Rooibos Orange,1,https://www.simonlevelt.nl/rooibos-orange,Zachte biologische rooibos met sinaasappel. Fris en opwekkend.
Engelse Melange,1,https://www.simonlevelt.nl/engelse-melange,"Melange met een krachtige, volle smaak en donkerrode kleur. Een makkelijk te drinken ontbijtthee voor elke dag."
Bosfruit,1,https://www.simonlevelt.nl/bosfruit,"Ronde, volle thee met heerlijke stukjes gedroogd fruit."
Lapsang Souchong,1,https://www.simonlevelt.nl/lapsang-souchong,"Thee uit China met een licht zoete, zachte rooksmaak."
Sterrenmix,1,https://www.simonlevelt.nl/sterrenmix,Zoete biologische kruidenmelange met steranijs en zoethout.
Rooibos Orange Lemon Lime,1,https://www.simonlevelt.nl/rooibos-orange-lemon-lime,Kruidenthee met fruitige sinaasappel en frisse citroen.
Sencha,1,https://www.simonlevelt.nl/sencha,"Volle romige thee met een frisse smaak, die doet denken aan grashalmen."
Rust Melange,1,https://www.simonlevelt.nl/rust-melange,"Zachte en frisse melange van kruiden zoals kruizemunt, citroenmelisse en valeriaan."
Darjeeling Melange,1,https://www.simonlevelt.nl/darjeeling-melange,"Deze biologische Darjeeling melange is een frisse, iets zoete melange met een bloemig karakter."
Earl White,1,https://www.simonlevelt.nl/earl-white,Een compositie van Chinese witte thee (Pai Mu Tan) met milde bergamotsmaak. Zacht en fris.
Kamille,1,https://www.simonlevelt.nl/kamille,Proef de milde en zachte smaak van gedroogde bloesem van kamille.
Namiddag Melange,1,https://www.simonlevelt.nl/namiddag-melange,Heerlijke friszoete kruidenthee om de middagdip te verjagen.
Ontbijtmelange,1,https://www.simonlevelt.nl/ontbijtmelange,Heerlijk zachte en frisse kruidenmelange om rustig wakker te worden.
Darjeeling Zomerpluk,1,https://www.simonlevelt.nl/darjeeling-zomerpluk,Kruidige en krachtige zomerpluk melange uit Darjeeling in India.
Weet je het nog even niet? Doe de thee keuzehulp,1,https://www.simonlevelt.nl/keuzehulp-thee,
Kamille Lemon,1,https://www.simonlevelt.nl/kamille-lemon,"Een heerlijke melange van fruit en kruiden met een frisse en zoete smaak maar zonder cafeïne, dus lekker op elk moment van de dag!"
Jasmine Green - 20 builen,1,https://www.simonlevelt.nl/jasmine-green-20-builen,"Milde en verfijnde groene thee, gearomatiseerd met geurige jasmijn."
Gember,1,https://www.simonlevelt.nl/gember,Pure stukjes gedroogde gemberwortel met een fris prikkelende smaak. Ook lekker in Earl Green of Yunnan thee.
Zoethout,1,https://www.simonlevelt.nl/zoethout,Gesneden zoethoutwortel. Warme en volzoete smaak.
Rooibos Earl Grey,1,https://www.simonlevelt.nl/rooibos-earl-grey,"Het natuurlijke aroma geeft de thee zijn typische Earl Grey geur, waaronder de rooibos goed tot haar recht komt."
Hibiscus Bloesem,1,https://www.simonlevelt.nl/hibiscus-bloesem,Rood bloemblad van de Hibiscus met een fris-zure en fruitige smaak die doet denken aan rode bessen.
Sunny Citrus,1,https://www.simonlevelt.nl/sunny-citrus,Verfrissende zwarte thee met de zoete citrus smaak van sinaasappel en prikkelende citroen tonen.
Thé Marocain,1,https://www.simonlevelt.nl/the-marocain,"Een frisse en kruidige groene thee op basis van China Gunpowder, met onder meer gesneden kruizemuntblad."
Gyokuro,1,https://www.simonlevelt.nl/gyokuro,"Een delicaat, maar toch krachtig aroma en een licht vettige smaak. Minder bitter dan de populaire Sencha."
Honeybush,1,https://www.simonlevelt.nl/honeybush,"Kruidenthee met een zachte, honingachtige smaak."
Lentedauw Mao Feng,1,https://www.simonlevelt.nl/lentedauw-mao-feng,"Zeer aromatisch, vol en fris als de lentedauw. Mao Feng betekent donzige bergtop en verwijst naar de Yellow Mountains."
Pure Green - 20 builen,1,https://www.simonlevelt.nl/pure-green-20-builen,Aangename en geurige groene thee uit India met de karakteristieke zacht-bitterzoete smaak.
Uit de Keijzerkist,1,https://www.simonlevelt.nl/uit-de-keijzerkist,Melange van China en Assam met een vleugje Lapsang. Volle smaak.
Rooibos Orange Lemon Premium Organic Tea - 110g...,1,https://www.simonlevelt.nl/rooibos-orange-lemon-premium-organic-tea-110g-losse-thee,Trek in een frisse en fruitige thee? Probeer onze Premium Organic Rooibos Orange Lemon. Premium kwaliteit rooibos gecombineerd met stukjes sinaasappel en citroen.
Lovely Lemon,1,https://www.simonlevelt.nl/lovely-lemon,Biologische thee is de basis voor deze zonnige thee met verschillende zacht frisse citrussmaken.
English Breakfast - 20 builen,1,https://www.simonlevelt.nl/english-breakfast-20-builen,Een sterke zwarte thee met rijk aroma. Dé thee om te drinken bij een traditioneel Engels ontbijt.
Smokey Himalaya,1,https://www.simonlevelt.nl/smokey-himalaya,Darjeelingmelange en een vleugje Lapsang. Bloemig en subtiel rokerig.
Weet je het nog even niet? Doe de thee keuzehulp,1,https://www.simonlevelt.nl/keuzehulp-thee,
Earl Green - 20 builen,1,https://www.simonlevelt.nl/earl-green-20-builen,Groene thee uit India met het beroemde Earl Grey bergamot aroma voor een frisse smaak.
Sweet Orange,1,https://www.simonlevelt.nl/sweet-orange,Geurige thee met een fris zoete sinaasappelsmaak.
Hemels Fruit,1,https://www.simonlevelt.nl/hemels-fruit,Fruitmelange met frisse appelstukjes en zoete framboos. Een klein stukje hemel op aarde!
Spice Orange,1,https://www.simonlevelt.nl/spice-orange,Theemelange met frisse sinaasappel en specerijen met een pepertje.
Milde Ontbijt Melange,1,https://www.simonlevelt.nl/milde-ontbijt-melange,Begin je dag relaxt met deze milde en geurige zwarte thee. Dat is lekker wakker worden!
Rooibos Original - 20 builen,1,https://www.simonlevelt.nl/rooibos-original-20-builen,"Een geurige, roodzoete rooibosthee uit Zuid-Afrika."
Ginger & Carrot,1,https://www.simonlevelt.nl/ginger-carrot,"Houd je van kleur én van lekkere kruidenthee? Probeer dan de biologische Ginger & Carrot kruidenmelange. Zoet, aards en fris prikkelend van smaak, en kleurrijk om te zien."
Oostfriese Melange,1,https://www.simonlevelt.nl/oostfriese-melange,Voor de liefhebber van zeer krachtige en donkere thee. Wordt traditioneel met kandij en een scheutje room gedronken.
Groeten uit...,1,https://www.simonlevelt.nl/groeten-uit...,"Een geurige, volle thee thee gemelangeerd volgens geheim recept."
Milky Oolong,1,https://www.simonlevelt.nl/milky-oolong,Licht geoxideerde Oolong thee uit de Fujian provincie in China gecombineerd met de zachte zoete smaak van gecondenseerde melk en perzik.
Earl Grey - 20 builen,1,https://www.simonlevelt.nl/earl-grey-20-builen,Klassieke zwarte thee uit India met bergamotaroma voor een verfrissende smaak en een hint van citrus.
Afternoon Melange,1,https://www.simonlevelt.nl/afternoon-melange,"Dé oppepper voor je middagdip! Een krachtige, frisse melange van Ceylon, Darjeeling en Assam."
Jasmin Green Premium Organic Tea - 90g losse thee,1,https://www.simonlevelt.nl/jasmin-green-premium-organic-tea-90g-losse-thee,Streel je smaakpapillen met deze zacht zoete jasmijnthee uit China. Het kleine bittertje in de afdronk is een subtiele finishing touch die deze biologische thee nog lekkerder maakt.
Blackwood Orange Pekoe,1,https://www.simonlevelt.nl/blackwood-orange-pekoe,Blackwood Orange Pekoe uit de Uva Highlands in Ceylon is een kleinbladige thee met een volle en ronde smaak.
Rooibos Kaneel,1,https://www.simonlevelt.nl/rooibos-kaneel,Heerlijke combinatie van rooibos met kruidige kaneelstukjes.
Kukicha Groen,1,https://www.simonlevelt.nl/kukicha-groen,"Groene thee gemaakt van twijgjes, steeltjes en nerven van het theeblad. De smaak is zacht en mild."
Haardvuur melange,1,https://www.simonlevelt.nl/haardvuur-melange,"Een verwarmende melange van rooibos, fruit en kruiden met een lekker zoete smaak. Bevat onder andere stukjes appel, hibiscus, rozenbottel, kaneel en amandel, maar geen cafeïne of theïne!"
Weet je het nog even niet? Doe de thee keuzehulp,1,https://www.simonlevelt.nl/keuzehulp-thee,
Voor Mijn Liefste,1,https://www.simonlevelt.nl/voor-mijn-liefste,Een knuffel in de vorm van een zoete en verfrissende zwarte thee.
Charaideo BOP,1,https://www.simonlevelt.nl/charaideo-bop,"Een krachtige zwarte thee, met een zoete ondertoon en een licht droge afdronk. Als je graag thee met melk drinkt, zal je deze Broken Orange Pekoe uit Assam zeker waarderen!"
Lemon Myrtle Green,1,https://www.simonlevelt.nl/lemon-myrtle-green,"Blad van de Myrtle tree, gecombineerd met kruidige, groene thee. Fris en geurig."
Pure White - 20 builen,1,https://www.simonlevelt.nl/pure-white-20-builen,"Delicate en zuivere thee van het jongste blad. Licht van kleur, zachtzoete smaak en met een verfijnde geur."
Ceylon Original Premium Organic Tea - 90 gram...,1,https://www.simonlevelt.nl/ceylon-original-premium-organic-tea-90-gram-losse-thee,"De klassieker onder de theeën: Ceylon Original. Deze biologische zwarte thee komt uit de hooglanden van Sri Lanka en heeft een stevig aroma. Heerlijk bij het ontbijt, maar ook laat in de middag!"
Grand Pouchong Oolong,1,https://www.simonlevelt.nl/grand-pouchong-oolong,"De thee smaakt rond en heeft een iets zoete, haast orchidee-achtige geur."
Ti Kuan Yin,1,https://www.simonlevelt.nl/ti-kuan-yin,"Een oolong thee voor fijnproevers. De karakteristieke notige smaak van oolong is in deze biologische thee subtiel aanwezig, en je kunt ook de zacht zoete tonen van abrikoos en perzik proeven."
Nuwara Eliya,1,https://www.simonlevelt.nl/nuwara-eliya,Hooggegroeide thee uit Ceylon. Fris en geurig.
Keemun Congou,1,https://www.simonlevelt.nl/keemun-congou,Volle thee met een zoet aroma. Keemun is waarschijnlijk een van de bekendste theesoorten uit China.
Darjeeling Finest - 20 builen,1,https://www.simonlevelt.nl/darjeeling-finest-20-builen,Een frisse thee uit Darjeeling - India met een vol en krachtig aroma.
Gunpowder Zhu Cha,1,https://www.simonlevelt.nl/gunpowder-zhu-cha,"Zhu Cha betekent letterlijk parelthee, en als je deze premium kwaliteit gunpowder thee ziet, begrijp je waarom hij die naam heeft. Hij smaakt vol en licht rokerig, en een tikje kruidig."
Proefpakket Puur Groen,1,https://www.simonlevelt.nl/proefpakket-puur-groen,"Ga op ontdekkingstocht in de wereld van pure groene thee. Proef hoe divers groene thee kan zijn met dit Proefpakket Puur Groen. Vier pure groene theesoorten uit China, Indonesië en Darjeeling - India, inclusief Simon Lévelt papieren theefilters."
Jangwon Groen,1,https://www.simonlevelt.nl/jangwon-groen,Zoet romige groene thee met een licht bittere smaak van andijvie en een hint van kastanje.
Venkelzaad,1,https://www.simonlevelt.nl/venkelzaad,"Geurige, zoete drank. Niet alleen lekker om te drinken, maar ook heerlijk om mee te koken."
Rozenbottelthee,1,https://www.simonlevelt.nl/rozenbottelthee,"Frisse, kruidige rozenbottel met een aangename zoete smaak."
Sencha Finest Premium Organic Tea - 90g losse thee,1,https://www.simonlevelt.nl/sencha-finest-premium-organic-tea-90g-losse-thee,"Deze krachtige, biologische groene thee heeft een verfijnd en fris aroma en natuurlijk het karakteristieke uiterlijk van Sencha thee – de naaldvorm die ontstaat door herhaaldelijk rollen en pletten."
Proefpakket Kruiden,1,https://www.simonlevelt.nl/proefpakket-kruiden,"Laat je verrassen door de vele smaakvariaties van kruidenthee. Ontdek in dit Proefpakket Kruiden vier lekkere kruidenmelanges met onder andere gember, kamille, yogi en citroen, inclusief Simon Lévelt papieren theefilters."
Weet je het nog even niet? Doe de thee keuzehulp,1,https://www.simonlevelt.nl/keuzehulp-thee,
Tippy Orange Pekoe,1,https://www.simonlevelt.nl/tippy-orange-pekoe,Uitzonderlijk mooi blad dat gerold is. Thee met veel tip. Vol en krachtig.
Yunnan Golden Tips,1,https://www.simonlevelt.nl/yunnan-golden-tips,"De vele ""gouden"" tips geven deze thee zijn naam en zorgen voor een gouden glans. De thee is zoetig en heeft een intens en haast fluwelig aroma."
Oolong Finest - 20 builen,1,https://www.simonlevelt.nl/oolong-finest-20-builen,"Prachtige volle, zoete oolong thee. Deze oolong is mooi in balans, mild en soepel met een licht notige, houtige smaak en een hint van laurier."
Ambootia Herfstpluk,1,https://www.simonlevelt.nl/ambootia-herfstpluk,"Zacht en vol. Een mooi uitgebalanceerd smakende Darjeeling uit de herfstpluk. Mild, soepel en gemakkelijk te drinken."
Yunnan Silver Dragon,1,https://www.simonlevelt.nl/yunnan-silver-dragon,"Groot, mooi regelmatig gerold theeblad met zilveren tips. De Silver Dragon is een krachtige groene thee met een volle, lichtkruidige smaak."
Earl Grey Original Premium Organic Tea - 90...,1,https://www.simonlevelt.nl/earl-grey-original-premium-organic-tea-90-gram-losse-thee,Fans van klassieke Earl Grey thee kunnen hun hart ophalen met onze Premium Organic Earl Grey Original. Earl Grey zoals hij hoort te smaken: krachtige zwarte thee met frisse bergamot!
Da Hong Pao oolong,1,https://www.simonlevelt.nl/da-hong-pao-oolong,"Een Chinese Oolong met een uitgebalanceerde zoete, licht geroosterde smaak, waarbij tonen van zoethout en noten naar voren komen."
Jangwon Oolong,1,https://www.simonlevelt.nl/jangwon-oolong,Geurige thee met een volzoete smaak en een sterk notig aroma met tonen van stro en tabak.
Matcha Kirishima Okumidori - 30 gram,1,https://www.simonlevelt.nl/matcha-kirishima-okumidori-30-gram,"Zachte matcha van topkwaliteit. Complex zoet-romig aroma van cacao, boterbonen en bladspinazie. Bittere tonen zijn afgevlakt, een zoete, hartige smaak (umami) komt naar voren."
Darjeeling Finest Premium Organic Tea - 90 gram...,1,https://www.simonlevelt.nl/darjeeling-finest-premium-organic-tea-90-gram-losse-thee,"Een lichtzoete, geurige biologische thee uit Darjeeling, de champagnestreek onder de theegebieden. Gemaakt van de mooiste kwaliteit theeblaadjes, en dat proef je!"
Lemongrass Green Premium Organic Tea - 90g...,1,https://www.simonlevelt.nl/lemongrass-green-premium-organic-tea-90g-losse-thee,"Een mooie kwaliteit biologische groene thee, vermengd met verkwikkend citroengras. Het resultaat is een delicate en frisse thee, die je de hele dag door kunt drinken."
Bukit Sari Imperial Black,1,https://www.simonlevelt.nl/bukit-sari-imperial-black,"Ga rustig zitten voor deze fluwelige zwarte thee met een rijkdom aan smaken. Van Friszoete vijgen, rozijnen en zoethout tot bloemig rozenblad. Wat proef jij in de Bukit Sari Imperial Black?"
Turmeric Carrot - 20 builen,1,https://www.simonlevelt.nl/turmeric-carrot-20-builen,Een melange met de zoete aardse smaken van wortel gecombineerd met het kruidige van kurkuma op een basis van brandnetel.
Keijzer Parel,1,https://www.simonlevelt.nl/keijzer-parel,Deze delicate groene thee heeft een zoet en fruitig karakter van lychee en ramboetan. 5 parels in cadeauverpakking.
Ambootia Regenpluk,1,https://www.simonlevelt.nl/ambootia-regenpluk,"Deze geurige regenpluk heeft een ronde, soepele smaak met een mild karakter en kleurt bruinrood in de kop."
Maté,1,https://www.simonlevelt.nl/mate,Volksdrank uit Argentinië. Verkwikkend met zacht-bittere smaak.
Selectie 3 Theeparels in cadeauverpakking,1,https://www.simonlevelt.nl/selectie-3-theeparels-in-cadeauverpakking,Theeparels zijn een leuke toevoeging aan je theemoment. Laat je verrassen door het mooie spel in je theepot en geniet daarna van de delicate groene thee met verschillende smaken.
Weet je het nog even niet? Doe de thee keuzehulp,1,https://www.simonlevelt.nl/keuzehulp-thee,
Matcha Uji Midori 30 gram,1,https://www.simonlevelt.nl/matcha-uji-midori-30-gram,"De diepgroene, biologisch geproduceerde thee is vol en umami-rijk van smaak en heeft een goede balans tussen zoet en bitter."
Sencha Theïne-arm,1,https://www.simonlevelt.nl/sencha-theine-arm,Groene thee met een soepele en frisse smaak. Voor het decafeïneren van de thee gebruiken we de CO2-methode.
Royal Aloobari Lentepluk,1,https://www.simonlevelt.nl/royal-aloobari-lentepluk,"Deze Darjeeling thee is prima in balans: zacht, lichtzoet, aromatisch en met een mild bittere nasmaak."
Proefpakket Thee Specials,1,https://www.simonlevelt.nl/proefpakket-thee-specials,"Ga mee op reis door de wereld van thee met het Proefpakket Thee Specials. Proef onze selectie van vier pure theesoorten: zwarte thee, oolong thee, witte thee en een bijzondere groene thee. Inclusief Simon Lévelt papieren theefilters. Welke theesoort wordt jouw favoriet?"
Tonganagaon 2nd flush,1,https://www.simonlevelt.nl/tonganagaon-2nd-flush,"Een high end pure Assam thee van de Tonganagaon Tea Garden. Deze zwarte thee heeft schitterende “golden tips”, zoals die ontstaan als er in de zomer wordt geplukt."
Van Harte,1,https://www.simonlevelt.nl/van-harte,"Zwarte thee versierd met kokosschilfers, goudsbloemen en sinaasappelschillen."
Orange Pekoe Looizuurarm,1,https://www.simonlevelt.nl/orange-pekoe-looizuurarm,Orange Pekoe Looizuurarm
Matcha Garucha - 30 gram,1,https://www.simonlevelt.nl/matcha-garucha-30-gram,Deze krachtige Matcha poederthee is uitermate geschikt voor culinair gebruik.
Jasili Theebloemen,1,https://www.simonlevelt.nl/jasili-theebloemen,"Deze met de hand gebonden theebloem ontpopt zich in de theepot, een waar spektakel aan tafel!"
Sint Nicolaas Thee,1,https://www.simonlevelt.nl/sint-nicolaas-thee,"Zoetkruidige melange, ideaal voor het heerlijke avondje. Ontdek stukjes appel, abrikoos en de smaak van vanille. Gecombineerd met het kruidige van kaneel en kardemom."
Pink Grapefruit & Orange,1,https://www.simonlevelt.nl/pink-grapefruit-orange,Sprankelende fruitmelange met een intense smaak van opwekkende en sappige citrusvruchten.
Sencha Classic,1,https://www.simonlevelt.nl/sencha-classic,"Ontdek tonen van alfalfa, boterbonen, sperziebonen en artisjok. Geeft je een “vers gemaaid gras” ervaring/associatie."
Ginger & Cinnamon,1,https://www.simonlevelt.nl/ginger-cinnamon,Kruidige en verwarmende groene thee met gember en kaneel.
Vlierbes & Braam,1,https://www.simonlevelt.nl/vlierbes-braam,"Friszoete fruitthee met een volle en rijke smaak. Ontdek vlierbessen, bramen, rozijnen en frambozen. Hibiscus geeft de thee een frisse hint."
Raspberry & Rose,1,https://www.simonlevelt.nl/raspberry-rose,Heerlijke zwarte theemelange met de zoete smaak van framboos en de bloemige smaak van rozen.
Rooibos Green Raspberry Orange,1,https://www.simonlevelt.nl/rooibos-green-raspberry-orange,"Fruitige frambozen en friszoete sinaasappels, gecombineerd met groene rooibos voor positieve energie!"
Strawberry & Rose,1,https://www.simonlevelt.nl/strawberry-rose,Milde Sencha thee uit China versierd met zoete aardbeistukjes en geurige rozenblaadjes.
Weet je het nog even niet? Doe de thee keuzehulp,1,https://www.simonlevelt.nl/keuzehulp-thee,
Rooibos Sweet Sensation,1,https://www.simonlevelt.nl/rooibos-sweet-sensation,Rooibos Sweet Honey is een aan
Relax Melange,1,https://www.simonlevelt.nl/relax-melange,"Verrassende en ontspannende kruidenmix met een friszoete, dropachtige en licht spicy smaak."
Sweet Chai,1,https://www.simonlevelt.nl/sweet-chai,"Heerlijke zwarte thee uit het Zuiden van India gemixt met Chai en cacaoschillen. Geniet van een warm kruidige, heerlijke volle chocolade en amandelsmaak."
Rooibos Green Herbal Blend,1,https://www.simonlevelt.nl/rooibos-green-herbal-blend,"Op zoek naar een aangename en eigentijdse thee voor een puur, relax- en genietmoment? Kies dan voor de Rooibos Green Herbal Blend. Groene én rode rooibos zijn de basis van deze mix van rooibos en kruiden. Dit zorgt voor een licht en zachtzoet fundament met een lekkere body."
Yunnan Pu-Erh,1,https://www.simonlevelt.nl/yunnan-pu-erh,Postgefermenteerde thee uit China met een karakteristieke volzoete en aardse smaak.
Bancha Hojicha,1,https://www.simonlevelt.nl/bancha-hojicha,"Een milde en zachtzoete thee met een hint van noten, hout en caramel, die ontstaan door het roosteren."
Rozemarijn & Citroengras,1,https://www.simonlevelt.nl/rozemarijn-citroengras,Groene thee én kruidenthee in één.
Shibushi Sencha,1,https://www.simonlevelt.nl/shibushi-sencha,Volle en stevige Japanse Sencha. Lichtkruidig en volzoet.
White Moonlight bio,1,https://www.simonlevelt.nl/white-moonlight-bio,"Prachtig groot theeblad waarbij de bladknop bedekt is met witte donshaartjes. Bloemig en iets notig, licht en delicaat met zachte zoete tonen."
Pi Luo Chun,1,https://www.simonlevelt.nl/pi-luo-chun,"Geurige, milde en volle groene thee met grassige en delicaat kruidige smaaktonen."
Orange & Cinnamon,1,https://www.simonlevelt.nl/orange-cinnamon,Grootbladige witte thee met fruitige sinaasappel en verwarmende kaneel.
Otsuka Fukamushi Sencha bio,1,https://www.simonlevelt.nl/otsuka-fukamushi-sencha-bio,"Hoge kwaliteit biologische diep-gestoomde Japanse groene sencha thee met een zachte, frisse en rijke smaak."
Cherideo Purbat 1st flush,1,https://www.simonlevelt.nl/cherideo-purbat-1st-flush,"Premium thee met het typische Assam karakter: stevige body, krachtig, volzoet en met een mooie donkere koperkleur. Tel hier de onmiskenbare eigenschappen van een 1st flush bij op en je hebt een karakteristieke en frisbloemige thee."
Bukit Sari Silver Needle White,1,https://www.simonlevelt.nl/bukit-sari-silver-needle-white,"Heerlijk delicate, bloemige en lichtzoete thee op basis van de nieuwste knoppen aan de theestruik."
Pure Chamomile - 20 builen,1,https://www.simonlevelt.nl/pure-chamomile-20-builen,Een verzachtende en pure kamillethee met de aangename en karakteristieke lichtfrisse bloemige smaak van kamille.
Rooibos Original Premium Organic Tea - 110g...,1,https://www.simonlevelt.nl/rooibos-original-premium-organic-tea-110g-losse-thee,Milde en makkelijke Zuid-Afrikaanse volksdrank.
Pepermunt,1,https://www.simonlevelt.nl/pepermunt,Gedroogd pepermuntblad voor het maken van een heerlijke frisse en opwekkende kruidenthee.
Weet je het nog even niet? Doe de thee keuzehulp,1,https://www.simonlevelt.nl/keuzehulp-thee,
Proefpakket Theebuilen Groene Thee,1,https://www.simonlevelt.nl/proefpakket-theebuilen-groene-thee,"Fan van groene thee? Probeer dan eens dit proefpakket theebuilen groene thee. Drie verschillende groene theeën van uitzonderlijke kwaliteit. Een Jasmijn thee, Earl Green thee en pure groene thee. Welke wordt jouw favoriet?"
Proefpakket Theebuilen Pure Thee,1,https://www.simonlevelt.nl/proefpakket-theebuilen-pure-thee,"Ontdek de wereld van thee. Drie heerlijke, pure theeën in theebuilen van uitzonderlijke kwaliteit. Een pure groene thee, een pure witte thee en pure kamille thee. Welke wordt jouw favoriet?"
Proefpakket Theebuilen Thee Specials,1,https://www.simonlevelt.nl/proefpakket-theebuilen-thee-specials,"Drie heerlijke smaken theebuilen van uitzonderlijke kwaliteit. Een zwarte Darjeeling thee, Oolong thee en Jasmijn thee. Welke wordt jouw favoriet?"
Proefpakket Theebuilen Thee Classics,1,https://www.simonlevelt.nl/proefpakket-theebuilen-thee-classics,"Ontdek drie klassieke theesmaken van premium kwaliteit. Earl Grey thee, Rooibos thee en English Breakfast thee. Welke wordt jouw favoriet?"
Proefpakket Theebuilen Zwarte Thee,1,https://www.simonlevelt.nl/proefpakket-theebuilen-zwarte-thee,"Fan van zwarte thee? Probeer dan eens dit proefpakket theezakjes zwarte thee. Drie verschillende zwarte theeën van uitzonderlijke kwaliteit. Een Darjeeling thee, Earl Grey thee en English Breakfast thee. Welke wordt jouw favoriet?"
Oolong Finest - 6 doosjes x 20 builen,1,https://www.simonlevelt.nl/oolong-finest-6-doosjes-x-20-builen,"Zes doosjes van een prachtige volle, zoete oolong thee. Deze oolong is mooi in balans, mild en soepel met een licht notige, houtige smaak en een hint van laurier."
Turmeric Carrot - 6 doosjes x 20 builen,1,https://www.simonlevelt.nl/turmeric-carrot-6-doosjes-x-20-builen,Zes doosjes van een melange met de zoete aardse smaken van wortel gecombineerd met het kruidige van kurkuma op een basis van brandnetel.
Darjeeling Finest - 6 doosjes x 20 builen,1,https://www.simonlevelt.nl/darjeeling-finest-6-doosjes-x-20-builen,Zes doosjes van een frisse thee uit Darjeeling - India met een vol en krachtig aroma.
Earl Grey - 6 doosjes x 20 builen,1,https://www.simonlevelt.nl/earl-grey-6-doosjes-x-20-builen,Zes doosjes van een klassieke zwarte thee uit India met bergamotaroma voor een verfrissende smaak en een hint van citrus.
Pure Chamomile - 6 doosjes x 20 builen,1,https://www.simonlevelt.nl/pure-chamomile-6-doosjes-x-20-builen,Zes doosjes van een verzachtende en pure kamillethee met de aangename en karakteristieke lichtfrisse bloemige smaak van kamille.
Pure White - 6 doosjes x 20 builen,1,https://www.simonlevelt.nl/pure-white-6-doosjes-x-20-builen,"Zes doosjes van een delicate en zuivere thee van het jongste blad. Licht van kleur, zachtzoete smaak en met een verfijnde geur."
English Breakfast - 6 doosjes x 20 builen,1,https://www.simonlevelt.nl/english-breakfast-6-doosjes-x-20-builen,Zes doosjes van een sterke zwarte thee met rijk aroma. Dé thee om te drinken bij een traditioneel Engels ontbijt.
Proefpakket Thee Classics,1,https://www.simonlevelt.nl/proefpakket-thee-classics,"Ga mee op reis door de wereld van thee met het Proefpakket Thee Classics. Proef onze selectie van drie klassieke theesoorten: Earl Grey, Rooibos en Jasmijn thee. Inclusief Simon Lévelt papieren theefilters. Een leuke en makkelijke manier om kennis te maken met de wereld van thee."
Rooibos Original - 6 doosjes x 20 builen,1,https://www.simonlevelt.nl/rooibos-original-6-doosjes-x-20-builen,"Zes doosjes van een geurige, roodzoete rooibosthee uit Zuid-Afrika."
Earl Green - 6 doosjes x 20 builen,1,https://www.simonlevelt.nl/earl-green-6-doosjes-x-20-builen,Zes doosjes van een groene thee uit India met het beroemde Earl Grey bergamot aroma voor een frisse smaak.
Proefpakket Earl Grey thee,1,https://www.simonlevelt.nl/proefpakket-earl-grey-thee,"Typisch Engels, klassiek en elegant: stap in de wereld van Earl Grey. Maak met dit Proefpakket Earl Grey kennis met drie verschillende Earl Grey varianten, inclusief Simon Lévelt papieren theefilters. Welke is jouw favoriet?"
Rooibos Orange - 6 doosjes x 10 sachets,1,https://www.simonlevelt.nl/rooibos-orange-6-doosjes-x-10-sachets,"Zes doosjes met een Zuid-Afrikaanse rooibos verrijkt met de smaak van sappige sinaasappels. De thee is fris, zoet, lichtkruidig én theïnevrij. Een mooie combinatie tussen fris en zachtzoet."
Weet je het nog even niet? Doe de thee keuzehulp,1,https://www.simonlevelt.nl/keuzehulp-thee,
Proefpakket Herfstsmaken,1,https://www.simonlevelt.nl/proefpakket-herfstsmaken,Ontdek de vier theesoorten die perfect passen in het najaar met dit proefpakket herfstsmaken. Ideaal om lekker mee te nemen in een tumbler als het buiten wat kouder wordt of om binnen van te genieten!
Proefpakket Rooibos thee,1,https://www.simonlevelt.nl/proefpakket-rooibos-thee,"Ontdek de drank van de Khoi San, 'rode thee' uit Zuid Afrika. In dit Proefpakket Rooibos zitten drie rooibos theeën met fruit en kruiden. Een rooibos thee met de fruitige smaak van sinaasappel en citroen, een kruidige rooibos spicy chai en een groene rooibos thee met een zoete framboos- en sinaasappelsmaak, inclusief Simon Lévelt papieren theefilters."
Jasmin Green - 6 doosjes x 20 builen,1,https://www.simonlevelt.nl/jasmin-green-6-doosjes-x-20-builen,"Zes doosjes van een milde en verfijnde groene thee, gearomatiseerd met geurige jasmijn."
Pure Green - 6 doosjes x 20 builen,1,https://www.simonlevelt.nl/pure-green-6-doosjes-x-20-builen,Zes doosjes van een aangename en geurige groene thee uit India met de karakteristieke zacht-bitterzoete smaak.
Weet je het nog even niet? Doe de thee keuzehulp,1,https://www.simonlevelt.nl/keuzehulp-thee,
